week,fnol_total,email,phone,broker_portal,paper,backlog_unread_email,median_hours_to_claim_created,ack_within_1_day_pct,duplicates_merged,rerouted_standard,overtime_hours
2026-W01,1720,520,800,265,135,310,19,93,98,61,22
2026-W02,1810,560,830,275,145,420,22,90,104,66,35
2026-W03,1795,555,820,280,140,390,21,91,101,63,30
2026-W04,1880,590,855,290,145,510,26,86,112,70,48
2026-W05,1840,575,840,285,140,470,24,88,108,68,41
2026-W06,3390,1210,1420,500,260,2640,71,38,231,141,186
2026-W07,2950,1020,1270,440,220,2210,63,44,198,128,172
2026-W08,2110,690,950,320,150,980,38,71,129,84,96
2026-W09,1860,580,850,285,145,520,25,87,110,69,44
2026-W10,1830,570,835,285,140,450,23,89,107,66,38
2026-W11,1790,555,820,280,135,400,21,91,103,62,31
2026-W12,1850,575,850,285,140,470,24,88,109,67,40
2026-W13,1900,600,865,290,145,540,27,85,115,72,52
2026-W14,1760,545,810,270,135,360,20,92,100,60,27
2026-W15,1820,565,835,280,140,430,23,89,106,65,37
2026-W16,1870,585,855,285,145,500,25,87,111,69,45
2026-W17,1840,575,845,280,140,460,24,88,108,67,40
2026-W18,1810,560,830,280,140,420,22,90,104,64,34
2026-W19,2980,1040,1280,445,215,2300,66,41,201,131,178
2026-W20,2290,760,1010,350,170,1240,44,63,142,95,118
2026-W21,1880,590,860,285,145,530,26,86,112,70,47
2026-W22,1820,565,835,280,140,440,23,89,106,65,36
2026-W23,1790,555,820,280,135,390,21,91,102,62,30
2026-W24,1850,575,850,285,140,470,24,88,109,67,41
2026-W25,1810,560,830,280,140,420,22,90,104,64,33
2026-W26,1830,570,835,285,140,450,23,89,107,66,38
